{"cameraMode":{"drawMode":0,"name":"Shaded","section":"Shading Mode"},"sceneLighting":true,"audioPlay":false,"sceneViewState":{"showFog":true,"showMaterialUpdate":true,"showSkybox":true,"showFlares":true,"showImageEffects":true,"showParticleSystems":true},"in2DMode":false,"pivot":{"x":-0.6183903217315674,"y":0.946409285068512,"z":0.37308430671691897},"rotation":{"x":0.09584129601716995,"y":-0.5386218428611755,"z":0.06184019520878792,"w":0.8347914814949036},"size":3.0068883895874025,"orthographic":false}