{"cameraMode":{"drawMode":0,"name":"Shaded","section":"Shading Mode"},"sceneLighting":true,"audioPlay":false,"sceneViewState":{"showFog":true,"showMaterialUpdate":false,"showSkybox":true,"showFlares":true,"showImageEffects":true,"showParticleSystems":true},"in2DMode":false,"pivot":{"x":3.695772171020508,"y":1.833147406578064,"z":0.047714680433273318},"rotation":{"x":0.15406572818756104,"y":-0.04000888019800186,"z":0.006245131138712168,"w":0.9872304797172546},"size":2.0375568866729738,"orthographic":false}