{"cameraMode":{"drawMode":0,"name":"Shaded","section":"Shading Mode"},"sceneLighting":false,"audioPlay":false,"sceneViewState":{"showFog":true,"showMaterialUpdate":false,"showSkybox":false,"showFlares":true,"showImageEffects":true,"showParticleSystems":true},"in2DMode":false,"pivot":{"x":-0.08885133266448975,"y":0.49435359239578249,"z":-0.46589040756225588},"rotation":{"x":0.13197194039821626,"y":-0.14516660571098329,"z":0.01954142190515995,"w":0.9803715348243713},"size":9.078312873840332,"orthographic":false}