{"cameraMode":{"drawMode":0,"name":"Shaded","section":"Shading Mode"},"sceneLighting":false,"audioPlay":false,"sceneViewState":{"showFog":true,"showMaterialUpdate":false,"showSkybox":false,"showFlares":true,"showImageEffects":true,"showParticleSystems":true},"in2DMode":false,"pivot":{"x":0.025346428155899049,"y":-0.71133953332901,"z":-0.020683258771896364},"rotation":{"x":0.056752197444438937,"y":0.3361676037311554,"z":-0.020298868417739869,"w":0.9398715496063232},"size":2.1465437412261965,"orthographic":false}