{"cameraMode":{"drawMode":0,"name":"Shaded","section":"Shading Mode"},"sceneLighting":false,"audioPlay":false,"sceneViewState":{"showFog":true,"showMaterialUpdate":false,"showSkybox":false,"showFlares":true,"showImageEffects":true,"showParticleSystems":true},"in2DMode":false,"pivot":{"x":-0.5569999814033508,"y":0.17455381155014039,"z":-0.23500001430511475},"rotation":{"x":0.240357905626297,"y":-0.1248115822672844,"z":0.031180275604128839,"w":0.9621216058731079},"size":3.8651175498962404,"orthographic":false}