{"cameraMode":{"drawMode":0,"name":"Shaded","section":"Shading Mode"},"sceneLighting":true,"audioPlay":false,"sceneViewState":{"showFog":true,"showMaterialUpdate":false,"showSkybox":true,"showFlares":true,"showImageEffects":true,"showParticleSystems":true},"in2DMode":false,"pivot":{"x":-0.12767918407917024,"y":0.9372092485427856,"z":1.8786897659301758},"rotation":{"x":-0.034169670194387439,"y":-0.02848438359797001,"z":-0.0009743320988491178,"w":0.9990096092224121},"size":3.795259952545166,"orthographic":false}