{"cameraMode":{"drawMode":0,"name":"Shaded","section":"Shading Mode"},"sceneLighting":false,"audioPlay":false,"sceneViewState":{"showFog":true,"showMaterialUpdate":false,"showSkybox":false,"showFlares":true,"showImageEffects":true,"showParticleSystems":true},"in2DMode":false,"pivot":{"x":-0.873652994632721,"y":0.7510451674461365,"z":-1.25425386428833},"rotation":{"x":0.045183874666690829,"y":0.07067863643169403,"z":-0.00319698010571301,"w":0.9964700937271118},"size":3.0191118717193605,"orthographic":false}