{"cameraMode":{"drawMode":0,"name":"Shaded","section":"Shading Mode"},"sceneLighting":false,"audioPlay":false,"sceneViewState":{"showFog":true,"showMaterialUpdate":false,"showSkybox":false,"showFlares":true,"showImageEffects":true,"showParticleSystems":true},"in2DMode":false,"pivot":{"x":-0.027790650725364686,"y":-1.8971846103668213,"z":9.218624114990235},"rotation":{"x":-0.29344525933265688,"y":-0.10533938556909561,"z":0.04194264113903046,"w":-0.9492283463478088},"size":8.966987609863282,"orthographic":false}