{"cameraMode":{"drawMode":0,"name":"Shaded","section":"Shading Mode"},"sceneLighting":true,"audioPlay":false,"sceneViewState":{"showFog":true,"showMaterialUpdate":false,"showSkybox":true,"showFlares":true,"showImageEffects":true,"showParticleSystems":true},"in2DMode":false,"pivot":{"x":143.0,"y":1.58001708984375,"z":-0.1262109875679016},"rotation":{"x":-0.2587186396121979,"y":-0.07656341791152954,"z":0.02983255870640278,"w":-0.9624514579772949},"size":3634.798095703125,"orthographic":false}