{"cameraMode":{"drawMode":0,"name":"Shaded","section":"Shading Mode"},"sceneLighting":true,"audioPlay":false,"sceneViewState":{"showFog":true,"showMaterialUpdate":false,"showSkybox":true,"showFlares":true,"showImageEffects":true,"showParticleSystems":true},"in2DMode":false,"pivot":{"x":12.784135818481446,"y":-0.037802547216415408,"z":0.8760031461715698},"rotation":{"x":0.13354885578155518,"y":0.556734561920166,"z":-0.10234477370977402,"w":0.8134720921516419},"size":40.71156692504883,"orthographic":false}