{"cameraMode":{"drawMode":0,"name":"Shaded","section":"Shading Mode"},"sceneLighting":false,"audioPlay":false,"sceneViewState":{"showFog":true,"showMaterialUpdate":false,"showSkybox":false,"showFlares":true,"showImageEffects":true,"showParticleSystems":true},"in2DMode":false,"pivot":{"x":0.47481268644332888,"y":0.6535449624061585,"z":-0.3222843110561371},"rotation":{"x":-0.2641447186470032,"y":-0.4506632089614868,"z":0.15250085294246674,"w":-0.8389718532562256},"size":5.860545635223389,"orthographic":false}