{"cameraMode":{"drawMode":0,"name":"Shaded","section":"Shading Mode"},"sceneLighting":false,"audioPlay":false,"sceneViewState":{"showFog":true,"showMaterialUpdate":false,"showSkybox":false,"showFlares":true,"showImageEffects":true,"showParticleSystems":true},"in2DMode":false,"pivot":{"x":-1.2142568826675416,"y":1.2423640489578248,"z":3.5149810314178469},"rotation":{"x":0.1550387740135193,"y":-0.01719249039888382,"z":-0.00269882520660758,"w":-0.9877550601959229},"size":3.0465431213378908,"orthographic":false}