{"cameraMode":{"drawMode":0,"name":"Shaded","section":"Shading Mode"},"sceneLighting":true,"audioPlay":false,"sceneViewState":{"showFog":true,"showMaterialUpdate":false,"showSkybox":true,"showFlares":true,"showImageEffects":true,"showParticleSystems":true},"in2DMode":false,"pivot":{"x":1108.36376953125,"y":528.1309204101563,"z":10.0},"rotation":{"x":-0.07669764012098313,"y":0.030500587075948716,"z":-0.002348164562135935,"w":-0.9965850710868836},"size":466.69049072265627,"orthographic":false}