{"cameraMode":{"drawMode":0,"name":"Shaded","section":"Shading Mode"},"sceneLighting":false,"audioPlay":false,"sceneViewState":{"showFog":true,"showMaterialUpdate":false,"showSkybox":false,"showFlares":true,"showImageEffects":true,"showParticleSystems":true},"in2DMode":false,"pivot":{"x":10.0,"y":1.2163944244384766,"z":1.2274208068847657},"rotation":{"x":-0.21786093711853028,"y":-0.10022825747728348,"z":0.022498102858662607,"w":-0.9705590009689331},"size":5.491840362548828,"orthographic":false}