{"cameraMode":{"drawMode":0,"name":"Shaded","section":"Shading Mode"},"sceneLighting":false,"audioPlay":false,"sceneViewState":{"showFog":true,"showMaterialUpdate":false,"showSkybox":false,"showFlares":true,"showImageEffects":true,"showParticleSystems":true},"in2DMode":false,"pivot":{"x":114.36572265625,"y":1117.19580078125,"z":-252.6733856201172},"rotation":{"x":-0.12732675671577454,"y":0.3272586166858673,"z":-0.04455418512225151,"w":-0.9352565407752991},"size":3634.798095703125,"orthographic":false}