{"cameraMode":{"drawMode":0,"name":"Shaded","section":"Shading Mode"},"sceneLighting":false,"audioPlay":false,"sceneViewState":{"showFog":true,"showMaterialUpdate":false,"showSkybox":false,"showFlares":true,"showImageEffects":true,"showParticleSystems":true},"in2DMode":false,"pivot":{"x":0.025346428155899049,"y":-0.71133953332901,"z":-0.020683258771896364},"rotation":{"x":-0.10006103664636612,"y":-0.51519775390625,"z":0.060715269297361377,"w":-0.8490422964096069},"size":2.4465436935424806,"orthographic":false}