{"cameraMode":{"drawMode":0,"name":"Shaded","section":"Shading Mode"},"sceneLighting":false,"audioPlay":false,"sceneViewState":{"showFog":true,"showMaterialUpdate":false,"showSkybox":false,"showFlares":true,"showImageEffects":true,"showParticleSystems":true},"in2DMode":false,"pivot":{"x":114.36702728271485,"y":1115.45068359375,"z":-252.6733856201172},"rotation":{"x":-0.17068637907505036,"y":-0.4896095395088196,"z":0.09838651120662689,"w":-0.8493931889533997},"size":5.5691819190979,"orthographic":false}