{"cameraMode":{"drawMode":0,"name":"Shaded","section":"Shading Mode"},"sceneLighting":false,"audioPlay":false,"sceneViewState":{"showFog":true,"showMaterialUpdate":false,"showSkybox":false,"showFlares":true,"showImageEffects":true,"showParticleSystems":true},"in2DMode":false,"pivot":{"x":114.36572265625,"y":1117.19580078125,"z":-252.6733856201172},"rotation":{"x":0.08569420129060745,"y":0.015254177153110505,"z":-0.001312140142545104,"w":0.9962038993835449},"size":3634.798095703125,"orthographic":false}