{"cameraMode":{"drawMode":0,"name":"Shaded","section":"Shading Mode"},"sceneLighting":false,"audioPlay":false,"sceneViewState":{"showFog":true,"showMaterialUpdate":false,"showSkybox":false,"showFlares":true,"showImageEffects":true,"showParticleSystems":true},"in2DMode":false,"pivot":{"x":-0.9161887168884277,"y":-3.962308168411255,"z":0.1559489667415619},"rotation":{"x":0.299785315990448,"y":0.5152974128723145,"z":-0.19855087995529176,"w":0.777929961681366},"size":17.02870750427246,"orthographic":false}