{"cameraMode":{"drawMode":0,"name":"Shaded","section":"Shading Mode"},"sceneLighting":false,"audioPlay":false,"sceneViewState":{"showFog":true,"showMaterialUpdate":false,"showSkybox":false,"showFlares":true,"showImageEffects":true,"showParticleSystems":true},"in2DMode":false,"pivot":{"x":-0.05842693895101547,"y":-0.1764773726463318,"z":-1.1920928955078126e-7},"rotation":{"x":-0.09901472181081772,"y":0.588751494884491,"z":-0.07296980172395706,"w":-0.7989012598991394},"size":1.1036732196807862,"orthographic":false}