{"cameraMode":{"drawMode":0,"name":"Shaded","section":"Shading Mode"},"sceneLighting":false,"audioPlay":false,"sceneViewState":{"showFog":true,"showMaterialUpdate":false,"showSkybox":false,"showFlares":true,"showImageEffects":true,"showParticleSystems":true},"in2DMode":false,"pivot":{"x":114.36702728271485,"y":1115.45068359375,"z":-252.6733856201172},"rotation":{"x":-0.1314706653356552,"y":-0.22193874418735505,"z":0.03021286427974701,"w":-0.9656841158866882},"size":5.5691819190979,"orthographic":false}