{"cameraMode":{"drawMode":0,"name":"Shaded","section":"Shading Mode"},"sceneLighting":true,"audioPlay":false,"sceneViewState":{"showFog":true,"showMaterialUpdate":false,"showSkybox":true,"showFlares":true,"showImageEffects":true,"showParticleSystems":true},"in2DMode":false,"pivot":{"x":406.7315368652344,"y":-0.9354766607284546,"z":0.9944486618041992},"rotation":{"x":0.18083558976650239,"y":0.37312963604927065,"z":-0.07439770549535752,"w":0.9069386720657349},"size":12.120649337768555,"orthographic":false}