{"cameraMode":{"drawMode":0,"name":"Shaded","section":"Shading Mode"},"sceneLighting":false,"audioPlay":false,"sceneViewState":{"showFog":true,"showMaterialUpdate":false,"showSkybox":false,"showFlares":true,"showImageEffects":true,"showParticleSystems":true},"in2DMode":false,"pivot":{"x":-0.47385740280151369,"y":0.8029170632362366,"z":0.6642864346504211},"rotation":{"x":0.1007857546210289,"y":0.4180150032043457,"z":-0.046705614775419238,"w":0.9016231894493103},"size":2.6023881435394289,"orthographic":false}