{"cameraMode":{"drawMode":0,"name":"Shaded","section":"Shading Mode"},"sceneLighting":false,"audioPlay":false,"sceneViewState":{"showFog":true,"showMaterialUpdate":false,"showSkybox":false,"showFlares":true,"showImageEffects":true,"showParticleSystems":true},"in2DMode":false,"pivot":{"x":4.974599838256836,"y":3.007946729660034,"z":11.464953422546387},"rotation":{"x":0.16261009871959687,"y":0.414854496717453,"z":-0.07562268525362015,"w":0.8920397758483887},"size":22.0,"orthographic":false}