{"cameraMode":{"drawMode":0,"name":"Shaded","section":"Shading Mode"},"sceneLighting":false,"audioPlay":false,"sceneViewState":{"showFog":true,"showMaterialUpdate":false,"showSkybox":false,"showFlares":true,"showImageEffects":true,"showParticleSystems":true},"in2DMode":false,"pivot":{"x":0.060382381081581119,"y":0.0002777576446533203,"z":0.05989930033683777},"rotation":{"x":0.16261009871959687,"y":0.414854496717453,"z":-0.07562268525362015,"w":0.8920397758483887},"size":1.4519637823104859,"orthographic":false}