{"cameraMode":{"drawMode":0,"name":"Shaded","section":"Shading Mode"},"sceneLighting":false,"audioPlay":false,"sceneViewState":{"showFog":true,"showMaterialUpdate":false,"showSkybox":false,"showFlares":true,"showImageEffects":true,"showParticleSystems":true},"in2DMode":false,"pivot":{"x":-0.13563978672027589,"y":1.1763416528701783,"z":0.1242990493774414},"rotation":{"x":-0.09871327131986618,"y":0.09300034493207932,"z":-0.009266423992812634,"w":-0.990717351436615},"size":2.351282835006714,"orthographic":false}