{"cameraMode":{"drawMode":0,"name":"Shaded","section":"Shading Mode"},"sceneLighting":false,"audioPlay":false,"sceneViewState":{"showFog":true,"showMaterialUpdate":false,"showSkybox":false,"showFlares":true,"showImageEffects":true,"showParticleSystems":true},"in2DMode":false,"pivot":{"x":-0.37966078519821169,"y":-0.5059778690338135,"z":-0.017578125},"rotation":{"x":-0.05577937141060829,"y":0.008085140958428383,"z":-0.00045239186147227883,"w":-0.9984102845191956},"size":5.600582599639893,"orthographic":false}