{"cameraMode":{"drawMode":0,"name":"Shaded","section":"Shading Mode"},"sceneLighting":false,"audioPlay":false,"sceneViewState":{"showFog":true,"showMaterialUpdate":false,"showSkybox":false,"showFlares":true,"showImageEffects":true,"showParticleSystems":true},"in2DMode":false,"pivot":{"x":-0.619379997253418,"y":2.872999668121338,"z":-0.42128896713256838},"rotation":{"x":-0.022690504789352418,"y":-0.10120294243097305,"z":0.0023088003508746626,"w":-0.9946044087409973},"size":19.695812225341798,"orthographic":false}