{"cameraMode":{"drawMode":0,"name":"Shaded","section":"Shading Mode"},"sceneLighting":true,"audioPlay":false,"sceneViewState":{"showFog":true,"showMaterialUpdate":false,"showSkybox":true,"showFlares":true,"showImageEffects":true,"showParticleSystems":true},"in2DMode":false,"pivot":{"x":-2.9514169692993166,"y":5.499980926513672,"z":0.0},"rotation":{"x":-0.10510038584470749,"y":-0.6590437293052673,"z":0.09375376254320145,"w":-0.7388001084327698},"size":146.73284912109376,"orthographic":false}