{"cameraMode":{"drawMode":0,"name":"Shaded","section":"Shading Mode"},"sceneLighting":false,"audioPlay":false,"sceneViewState":{"showFog":true,"showMaterialUpdate":false,"showSkybox":false,"showFlares":true,"showImageEffects":true,"showParticleSystems":true},"in2DMode":false,"pivot":{"x":-0.33958178758621218,"y":-0.1764812469482422,"z":-0.0013501346111297608},"rotation":{"x":0.006498262286186218,"y":-0.5529134273529053,"z":0.004329807125031948,"w":0.8332021236419678},"size":1.3473584651947022,"orthographic":false}