{"cameraMode":{"drawMode":0,"name":"Shaded","section":"Shading Mode"},"sceneLighting":false,"audioPlay":false,"sceneViewState":{"showFog":true,"showMaterialUpdate":false,"showSkybox":false,"showFlares":true,"showImageEffects":true,"showParticleSystems":true},"in2DMode":false,"pivot":{"x":295.7373046875,"y":1.344745397567749,"z":-0.6346834301948547},"rotation":{"x":-0.4042797088623047,"y":-0.33355963230133059,"z":0.1612367182970047,"w":-0.836240828037262},"size":1.3830093145370484,"orthographic":false}