{"cameraMode":{"drawMode":0,"name":"Shaded","section":"Shading Mode"},"sceneLighting":false,"audioPlay":false,"sceneViewState":{"showFog":true,"showMaterialUpdate":false,"showSkybox":false,"showFlares":true,"showImageEffects":true,"showParticleSystems":true},"in2DMode":false,"pivot":{"x":-0.6566312313079834,"y":-6.251546382904053,"z":-0.38248568773269656},"rotation":{"x":-0.3829178810119629,"y":-0.5454114675521851,"z":0.30743861198425295,"w":-0.679250955581665},"size":21.867826461791993,"orthographic":false}