{"cameraMode":{"drawMode":0,"name":"Shaded","section":"Shading Mode"},"sceneLighting":false,"audioPlay":false,"sceneViewState":{"showFog":true,"showMaterialUpdate":false,"showSkybox":false,"showFlares":true,"showImageEffects":true,"showParticleSystems":true},"in2DMode":false,"pivot":{"x":0.287583589553833,"y":-4.345057487487793,"z":-4.624037742614746},"rotation":{"x":0.299785315990448,"y":0.5152974128723145,"z":-0.19855087995529176,"w":0.777929961681366},"size":20.398826599121095,"orthographic":false}