{"cameraMode":{"drawMode":0,"name":"Shaded","section":"Shading Mode"},"sceneLighting":false,"audioPlay":false,"sceneViewState":{"showFog":true,"showMaterialUpdate":false,"showSkybox":false,"showFlares":true,"showImageEffects":true,"showParticleSystems":true},"in2DMode":false,"pivot":{"x":0.0,"y":-0.013008177280426026,"z":-0.021319270133972169},"rotation":{"x":-0.0024036946706473829,"y":0.9940493702888489,"z":-0.10657945275306702,"w":-0.022382818162441255},"size":5.865376949310303,"orthographic":false}