{"cameraMode":{"drawMode":0,"name":"Shaded","section":"Shading Mode"},"sceneLighting":false,"audioPlay":false,"sceneViewState":{"showFog":true,"showMaterialUpdate":false,"showSkybox":false,"showFlares":true,"showImageEffects":true,"showParticleSystems":true},"in2DMode":false,"pivot":{"x":0.0,"y":0.41362813115119936,"z":0.0009703636169433594},"rotation":{"x":-0.02530892938375473,"y":0.9658737182617188,"z":-0.10355954617261887,"w":-0.23605677485466004},"size":1.6567332744598389,"orthographic":false}