{"cameraMode":{"drawMode":0,"name":"Shaded","section":"Shading Mode"},"sceneLighting":false,"audioPlay":false,"sceneViewState":{"showFog":true,"showMaterialUpdate":false,"showSkybox":false,"showFlares":true,"showImageEffects":true,"showParticleSystems":true},"in2DMode":false,"pivot":{"x":-4.314249038696289,"y":3.1037821769714357,"z":0.0},"rotation":{"x":-0.022690504789352418,"y":-0.10120294243097305,"z":0.0023088003508746626,"w":-0.9946044087409973},"size":7.436864376068115,"orthographic":false}