{"cameraMode":{"drawMode":0,"name":"Shaded","section":"Shading Mode"},"sceneLighting":false,"audioPlay":false,"sceneViewState":{"showFog":true,"showMaterialUpdate":false,"showSkybox":false,"showFlares":true,"showImageEffects":true,"showParticleSystems":true},"in2DMode":false,"pivot":{"x":-0.4535794258117676,"y":0.3239571154117584,"z":-0.0521179735660553},"rotation":{"x":0.16261009871959687,"y":0.414854496717453,"z":-0.07562268525362015,"w":0.8920397758483887},"size":19.627897262573243,"orthographic":false}