{"cameraMode":{"drawMode":0,"name":"Shaded","section":"Shading Mode"},"sceneLighting":false,"audioPlay":false,"sceneViewState":{"showFog":true,"showMaterialUpdate":false,"showSkybox":false,"showFlares":true,"showImageEffects":true,"showParticleSystems":true},"in2DMode":false,"pivot":{"x":-2.5377073287963869,"y":4.416691303253174,"z":-5.296735763549805},"rotation":{"x":-0.02427825704216957,"y":-0.04886908456683159,"z":0.0011882232502102852,"w":-0.998509407043457},"size":2.3334522247314455,"orthographic":false}