{"cameraMode":{"drawMode":0,"name":"Shaded","section":"Shading Mode"},"sceneLighting":false,"audioPlay":false,"sceneViewState":{"showFog":true,"showMaterialUpdate":false,"showSkybox":false,"showFlares":true,"showImageEffects":true,"showParticleSystems":true},"in2DMode":false,"pivot":{"x":3.674356460571289,"y":-0.32976818084716799,"z":7.820432662963867},"rotation":{"x":0.19799889624118806,"y":0.7239070534706116,"z":-0.24861936271190644,"w":0.6123261451721191},"size":6.27799129486084,"orthographic":false}