{"cameraMode":{"drawMode":0,"name":"Shaded","section":"Shading Mode"},"sceneLighting":false,"audioPlay":false,"sceneViewState":{"showFog":true,"showMaterialUpdate":false,"showSkybox":false,"showFlares":true,"showImageEffects":true,"showParticleSystems":true},"in2DMode":false,"pivot":{"x":-3.357682228088379,"y":-0.5596884489059448,"z":8.347943305969239},"rotation":{"x":-0.21468329429626466,"y":-0.1949608325958252,"z":0.0531158372759819,"w":-0.9555522799491882},"size":8.366133689880371,"orthographic":false}