{"cameraMode":{"drawMode":0,"name":"Shaded","section":"Shading Mode"},"sceneLighting":false,"audioPlay":false,"sceneViewState":{"showFog":true,"showMaterialUpdate":false,"showSkybox":false,"showFlares":true,"showImageEffects":true,"showParticleSystems":true},"in2DMode":false,"pivot":{"x":114.36572265625,"y":1117.19580078125,"z":-252.6733856201172},"rotation":{"x":-0.12056735903024674,"y":0.004761914722621441,"z":0.008393163792788983,"w":-0.992658257484436},"size":3634.798095703125,"orthographic":false}