{"cameraMode":{"drawMode":0,"name":"Shaded","section":"Shading Mode"},"sceneLighting":false,"audioPlay":false,"sceneViewState":{"showFog":true,"showMaterialUpdate":false,"showSkybox":false,"showFlares":true,"showImageEffects":true,"showParticleSystems":true},"in2DMode":false,"pivot":{"x":0.006762266159057617,"y":0.12431972473859787,"z":0.1579245924949646},"rotation":{"x":-0.381547212600708,"y":-0.4766930341720581,"z":0.2543863356113434,"w":-0.7499821782112122},"size":3.185356855392456,"orthographic":false}