{"cameraMode":{"drawMode":0,"name":"Shaded","section":"Shading Mode"},"sceneLighting":false,"audioPlay":false,"sceneViewState":{"showFog":true,"showMaterialUpdate":false,"showSkybox":false,"showFlares":true,"showImageEffects":true,"showParticleSystems":true},"in2DMode":false,"pivot":{"x":-1.089655876159668,"y":1.0606729984283448,"z":0.05268502235412598},"rotation":{"x":-0.10888547450304032,"y":-0.1124783456325531,"z":0.012401110492646695,"w":-0.9875923991203308},"size":2.0448203086853029,"orthographic":false}