{"cameraMode":{"drawMode":0,"name":"Shaded","section":"Shading Mode"},"sceneLighting":false,"audioPlay":false,"sceneViewState":{"showFog":true,"showMaterialUpdate":false,"showSkybox":false,"showFlares":true,"showImageEffects":true,"showParticleSystems":true},"in2DMode":false,"pivot":{"x":-1.5648689270019532,"y":1.4075260162353516,"z":-1.8213201761245728},"rotation":{"x":-0.06914430111646652,"y":-0.05623740330338478,"z":0.0039040585979819299,"w":-0.9960126876831055},"size":1.5452344417572022,"orthographic":false}