{"cameraMode":{"drawMode":0,"name":"Shaded","section":"Shading Mode"},"sceneLighting":true,"audioPlay":false,"sceneViewState":{"showFog":true,"showMaterialUpdate":false,"showSkybox":true,"showFlares":true,"showImageEffects":true,"showParticleSystems":true},"in2DMode":false,"pivot":{"x":430.36712646484377,"y":-3.3978707790374758,"z":-12.236428260803223},"rotation":{"x":0.020268457010388376,"y":-0.20049156248569489,"z":-0.004148820415139198,"w":-0.9794769883155823},"size":7.0124335289001469,"orthographic":false}