{"cameraMode":{"drawMode":0,"name":"Shaded","section":"Shading Mode"},"sceneLighting":false,"audioPlay":false,"sceneViewState":{"showFog":true,"showMaterialUpdate":false,"showSkybox":false,"showFlares":true,"showImageEffects":true,"showParticleSystems":true},"in2DMode":false,"pivot":{"x":295.7291564941406,"y":1.7653833627700806,"z":-0.5147930383682251},"rotation":{"x":-0.0726567804813385,"y":-0.17059217393398286,"z":0.012614539824426175,"w":-0.9825783371925354},"size":1.6511671543121338,"orthographic":false}