{"cameraMode":{"drawMode":0,"name":"Shaded","section":"Shading Mode"},"sceneLighting":false,"audioPlay":false,"sceneViewState":{"showFog":true,"showMaterialUpdate":false,"showSkybox":false,"showFlares":true,"showImageEffects":true,"showParticleSystems":true},"in2DMode":false,"pivot":{"x":114.36702728271485,"y":1115.45068359375,"z":-252.6733856201172},"rotation":{"x":-0.1948583573102951,"y":-0.18645116686820985,"z":0.03775861859321594,"w":-0.9622060656547546},"size":5.5691819190979,"orthographic":false}