{"cameraMode":{"drawMode":0,"name":"Shaded","section":"Shading Mode"},"sceneLighting":true,"audioPlay":false,"sceneViewState":{"showFog":true,"showMaterialUpdate":false,"showSkybox":true,"showFlares":true,"showImageEffects":true,"showParticleSystems":true},"in2DMode":false,"pivot":{"x":5.08723258972168,"y":2.5039658546447756,"z":-0.09349268674850464},"rotation":{"x":-0.0930204913020134,"y":-0.6593894362449646,"z":0.08272819221019745,"w":-0.741423487663269},"size":19.695812225341798,"orthographic":false}